area,finding,evidence,business_impact,modeling_implication,interpretation_type,priority
Dataset structure,The forecasting problem is a balanced daily store-family prediction task.,Train and test are balanced at date + store_nbr + family grain.,"Replenishment decisions must be made across many store-family combinations, not only at total sales level.",Future validation and features should preserve date-store-family granularity.,descriptive evidence,high
Historical trend,Historical sales show a clear upward trend from 2013 to 2017.,"Daily, weekly, and monthly sales trends increase over the historical period.",Long-term static averages may underestimate recent demand levels.,Time-aware validation and trend-sensitive features will be needed.,descriptive evidence,high
Calendar seasonality,Weekend demand is materially higher than weekday demand.,Sunday and Saturday show the highest average daily sales.,Inventory pressure is higher around weekends.,Calendar features such as day of week and weekend indicators are strong candidates.,descriptive evidence,high
Monthly seasonality,December is the strongest demand month and February is the weakest.,Monthly seasonality summary identifies December as highest and February as lowest average sales month.,Year-end periods require stronger replenishment planning.,Month and seasonal indicators should be considered in feature engineering.,descriptive evidence,medium
Stores,Demand is highly concentrated across stores.,Top 10 stores sales share: 0.4017,Forecasting errors in high-volume stores can create large absolute replenishment errors.,Store identity and store metadata should be included in future modeling.,descriptive evidence,high
Product families,Demand is highly concentrated across product families.,Top 5 families sales share: 0.7872,Forecast errors in high-volume families can create major inventory gaps.,Family-level behavior should guide model evaluation and feature design.,descriptive evidence,high
Sparse demand,Some stores and families show structural zero-sales behavior.,Several low-volume stores and families show long periods with zero sales.,Intermittent demand makes replenishment less predictable for specific segments.,Zero-sales patterns should be handled explicitly rather than treated as random noise.,descriptive evidence,high
Promotions,Promotions are strongly associated with higher sales.,Daily promotion-sales Pearson correlation: nan,Promotional pressure can materially change replenishment needs.,onpromotion should be included as a candidate future-known variable.,descriptive evidence,high
Promotion distribution shift,The future horizon has a higher promotion share than the historical average.,Train promotion share: nan; test promotion share: nan,The forecast period may have stronger demand pressure than an average historical period.,Model validation should check robustness under high-promotion periods.,modeling implication,high
Holidays and events,Non-transferred event days show higher average sales than regular days.,Event vs non-event mean sales ratio: nan,Calendar events may increase demand pressure on specific dates.,Holiday and event indicators should be used as contextual features.,descriptive evidence,medium
Oil,"Oil price shows negative historical correlation with sales, but interpretation is macro-contextual.",Daily oil-sales Pearson correlation: nan,Oil may capture broad macroeconomic context but does not directly explain store-level demand.,"Oil can be tested as a contextual feature, but its value must be validated through time-based evaluation.",analytical hypothesis,medium
Transactions,Transactions are strongly associated with historical sales but are not future-available.,Store-day transaction-sales Pearson correlation: 0.6563,Transactions help explain historical store activity and traffic.,Direct future transactions must not be used; only lagged historical transaction signals may be considered.,modeling implication,high
Anomalies,"High-sales days are operationally relevant demand peaks, not automatic errors.",Highest sales day: 1463083.962459,Underestimating demand peaks can increase stockout risk.,Outliers should be reviewed and contextualized rather than blindly removed.,descriptive evidence,high
Closures,January 1st behaves as a special closure or very low-activity day.,Highest zero-sales day share: 0.9904601571268238,Closure-like days should not be interpreted as regular demand drops.,Special calendar closure indicators should be considered.,descriptive evidence,high
